{
    "type": "minecraft:entity",
    "pools": [{
        "rolls": 1,
        "entries": [{
            "type": "minecraft:item",
            "functions": [{
                    "function": "minecraft:set_count",
                    "count": {
                        "min": 2.0,
                        "max": 2.0,
                        "type": "minecraft:uniform"
                    }
                },
                {
                    "function": "minecraft:looting_enchant",
                    "count": {
                        "min": 1.0,
                        "max": 1.0
                    }
                }
            ],
            "name": "minecraft:chain_command_block"
        }],
        "conditions": [{
            "condition": "minecraft:killed_by_player"
        }]
    }]
}